{"epoch-0": {"model-10": [1670389986.268951, 1670390046.332567], "model-2": [1670390046.663777, 1670390106.668664], "model-9": [1670390106.99079, 1670390166.99264], "model-8": [1670390167.301467, 1670390227.306287], "model-11": [1670390227.617863, 1670390287.623829], "model-1": [1670390287.933381, 1670390347.934318], "model-3": [1670390348.243359, 1670390408.2458189], "model-4": [1670390408.551798, 1670390468.556704]}}