{"epoch-0": {"model-13": [1670389986.271915, 1670390046.3436108], "model-15": [1670390046.669266, 1670390106.67798], "model-12": [1670390106.99243, 1670390166.997966], "model-0": [1670390167.309273, 1670390227.311052], "model-5": [1670390227.620376, 1670390287.6255941], "model-14": [1670390287.93764, 1670390347.9436128], "model-6": [1670390348.253352, 1670390408.2557728], "model-7": [1670390468.824773, 1670390528.826484]}}