{"epoch-0": {"model-9": [1670389986.262177, 1670390046.322828], "model-3": [1670390046.633418, 1670390106.637234], "model-5": [1670390106.9461088, 1670390166.948504], "model-1": [1670390167.261149, 1670390227.265774], "model-4": [1670390227.5710158, 1670390287.572587], "model-0": [1670390287.882802, 1670390347.887616], "model-15": [1670390348.199594, 1670390408.204423], "model-7": [1670390408.515114, 1670390468.517168]}}