{"epoch-0": {"model-11": [1670389986.2403069, 1670390106.300322], "model-6": [1670390106.624856, 1670390226.627276], "model-7": [1670390226.933942, 1670390346.937183], "model-2": [1670390347.24738, 1670390467.2503092]}}