{"epoch-0": {"model-0": [1670389986.246227, 1670390106.31524], "model-13": [1670390106.628816, 1670390226.631104], "model-15": [1670390226.942518, 1670390346.945033], "model-8": [1670390347.25882, 1670390467.263268]}}