{"epoch-0": {"model-1": [1670389986.244274, 1670390106.313774], "model-4": [1670390106.628793, 1670390226.630867], "model-3": [1670390226.938802, 1670390346.944988], "model-12": [1670390347.2528052, 1670390467.259155]}}