{"epoch-0": {"model-14": [1670389986.260066, 1670390046.323791], "model-12": [1670390046.660125, 1670390106.66483], "model-11": [1670390106.986849, 1670390166.990967], "model-2": [1670390167.296316, 1670390227.301418], "model-6": [1670390227.61007, 1670390287.612139], "model-13": [1670390287.920029, 1670390347.9222028], "model-10": [1670390348.233166, 1670390408.235868], "model-8": [1670390467.571637, 1670390527.577136]}}