{"epoch-0": {"model-5": [1670389986.250192, 1670390106.315815], "model-14": [1670390106.6333802, 1670390226.634891], "model-10": [1670390226.945308, 1670390346.9468858], "model-9": [1670390347.260721, 1670390467.2652109]}}